{"cameraMode":{"drawMode":0,"name":"Shaded","section":"Shading Mode"},"sceneLighting":true,"audioPlay":false,"sceneViewState":{"showFog":true,"showMaterialUpdate":false,"showSkybox":true,"showFlares":true,"showImageEffects":true,"showParticleSystems":true},"in2DMode":false,"pivot":{"x":-0.365020751953125,"y":2.6724190711975099,"z":-0.6639299392700195},"rotation":{"x":-0.07780098915100098,"y":0.8997297883033752,"z":-0.1793978065252304,"w":-0.3901940584182739},"size":7.727715969085693,"orthographic":true}