{"cameraMode":{"drawMode":0,"name":"Shaded","section":"Shading Mode"},"sceneLighting":false,"audioPlay":false,"sceneViewState":{"showFog":true,"showMaterialUpdate":false,"showSkybox":false,"showFlares":true,"showImageEffects":true,"showParticleSystems":true},"in2DMode":false,"pivot":{"x":-0.002850055694580078,"y":0.022949934005737306,"z":-3.440499782562256},"rotation":{"x":0.05994091182947159,"y":-0.02784467302262783,"z":0.001672889105975628,"w":0.9978134632110596},"size":15.690380096435547,"orthographic":true}