{"cameraMode":{"drawMode":0,"name":"Shaded","section":"Shading Mode"},"sceneLighting":true,"audioPlay":false,"sceneViewState":{"showFog":true,"showMaterialUpdate":false,"showSkybox":true,"showFlares":true,"showImageEffects":true,"showParticleSystems":true},"in2DMode":false,"pivot":{"x":-0.04999995231628418,"y":-2.9538490772247316,"z":0.0000019073486328125},"rotation":{"x":0.2688245177268982,"y":0.22144432365894319,"z":-0.06365276128053665,"w":0.9352243542671204},"size":13.137063026428223,"orthographic":true}