{"cameraMode":{"drawMode":0,"name":"Shaded","section":"Shading Mode"},"sceneLighting":true,"audioPlay":false,"sceneViewState":{"showFog":true,"showMaterialUpdate":true,"showSkybox":true,"showFlares":true,"showImageEffects":true,"showParticleSystems":true},"in2DMode":false,"pivot":{"x":1.5063800811767579,"y":-1.7862157821655274,"z":1.642913818359375},"rotation":{"x":-0.38701900839805605,"y":-0.0204707570374012,"z":0.008594634011387825,"w":-0.9218045473098755},"size":10.888680458068848,"orthographic":true}